City_ID,City,Country,Lat,Lng,Max Temp,Humidity,Cloudiness,Wind Speed,Current Description
0,Koslan,RU,63.4564,48.8989,73.89,41,100,10.36,overcast clouds
1,Avarua,CK,-21.2078,-159.775,69.85,94,21,1.14,few clouds
2,Jiazi,CN,22.8779,116.067,80.83,85,100,7.56,light rain
3,Cabo San Lucas,MX,22.8909,-109.9124,78.62,70,29,11.63,scattered clouds
4,Kapaa,US,22.0752,-159.319,74.12,97,100,11.5,overcast clouds
5,Port Alfred,ZA,-33.5906,26.891,60.19,55,59,7.0,broken clouds
6,Maldonado,UY,-34.6667,-54.9167,51.22,91,100,4.79,light rain
7,Ornskoldsvik,SE,63.2909,18.7153,62.35,45,50,7.09,scattered clouds
8,Kahului,US,20.8947,-156.47,76.84,90,39,5.01,scattered clouds
9,Fagernes,NO,60.9858,9.2324,61.92,64,99,3.56,overcast clouds
10,Yenangyaung,MM,20.4667,94.8833,88.25,50,100,16.82,overcast clouds
11,Mataura,NZ,-46.1927,168.8643,44.47,91,100,4.97,overcast clouds
12,Nikolskoye,RU,59.7035,30.7861,64.29,52,12,15.37,few clouds
13,Thompson,CA,55.7435,-97.8558,57.36,72,75,12.66,broken clouds
14,Saskylakh,RU,71.9167,114.0833,60.19,27,24,5.26,few clouds
15,Obidos,BR,-1.9175,-55.5181,69.69,95,73,3.38,broken clouds
16,Spasskoye,RU,44.6108,132.7969,69.73,70,90,5.48,overcast clouds
17,San Vicente,AR,-26.6167,-54.1333,52.25,95,4,2.53,clear sky
18,Hilo,US,19.7297,-155.09,72.28,87,97,5.01,overcast clouds
19,Pangnirtung,CA,66.1451,-65.7125,34.72,97,100,7.27,overcast clouds
20,Constitucion,CL,-35.3333,-72.4167,48.45,89,5,5.41,clear sky
21,Ende,ID,-8.8432,121.6623,80.31,83,50,5.21,scattered clouds
22,Rikitea,PF,-23.1203,-134.9692,72.61,67,73,6.93,broken clouds
23,Tura,IN,25.5198,90.2201,80.38,86,99,9.66,moderate rain
24,Berbera,SO,10.4396,45.0143,96.39,44,53,14.38,broken clouds
25,High Level,CA,58.5169,-117.136,53.71,100,20,3.44,few clouds
26,Tabuk,PH,17.4189,121.4443,86.52,72,94,2.1,overcast clouds
27,Saint-Pierre,RE,-21.3393,55.4781,80.28,61,0,14.97,clear sky
28,Vao,NC,-22.6667,167.4833,74.61,83,97,22.55,overcast clouds
29,Bronnoysund,NO,65.4625,12.1997,51.8,100,100,8.05,drizzle
30,New Norfolk,AU,-42.7826,147.0587,47.91,91,8,1.88,clear sky
31,Dikson,RU,73.5069,80.5464,33.94,93,23,4.79,few clouds
32,Atuona,PF,-9.8,-139.0333,77.86,67,7,19.93,clear sky
33,Jamestown,US,42.097,-79.2353,76.05,91,33,1.99,scattered clouds
34,Tuktoyaktuk,CA,69.4541,-133.0374,38.14,71,0,13.62,clear sky
35,Kholmogory,RU,64.2229,41.656,60.42,76,89,9.35,overcast clouds
36,Vaini,TO,-21.2,-175.2,73.56,88,20,5.75,few clouds
37,Avallon,FR,47.4833,3.9,78.35,43,10,5.95,clear sky
38,Kaitangata,NZ,-46.2817,169.8464,43.16,76,100,11.79,overcast clouds
39,Bluff,NZ,-46.6,168.3333,44.8,65,64,15.3,broken clouds
40,Yellowknife,CA,62.456,-114.3525,54.12,76,100,10.36,light intensity shower rain
41,Kabalo,CD,-6.05,26.9167,91.33,24,10,9.19,clear sky
42,Ribeira Grande,PT,38.5167,-28.7,68.4,83,40,10.36,scattered clouds
43,Hirara,JP,24.8,125.2833,79.07,94,75,4.61,moderate rain
44,Culebra,PR,18.303,-65.301,82.44,97,100,8.99,overcast clouds
45,Alofi,NU,-19.0595,-169.9187,75.09,88,8,6.91,clear sky
46,Sesheke,ZM,-17.4759,24.2968,72.64,23,0,7.07,clear sky
47,Comodoro Rivadavia,AR,-45.8667,-67.5,42.66,61,0,10.36,clear sky
48,Pierre,US,44.3683,-100.351,65.32,75,0,16.11,clear sky
49,Bethel,US,41.3712,-73.414,64.54,89,70,3.67,broken clouds
50,Punta Arenas,CL,-53.15,-70.9167,44.71,70,0,21.85,light rain
51,Hermanus,ZA,-34.4187,19.2345,53.8,59,85,7.96,overcast clouds
52,Pitiquito,MX,30.7,-112.0833,83.17,26,0,1.68,clear sky
53,Upernavik,GL,72.7868,-56.1549,31.96,64,100,2.68,overcast clouds
54,Ushuaia,AR,-54.8,-68.3,42.46,75,40,4.61,scattered clouds
55,Miri,MY,4.4148,114.0089,84.34,84,40,8.05,thunderstorm
56,Pocone,BR,-16.2567,-56.6228,69.04,70,0,4.74,clear sky
57,Byron Bay,AU,-28.65,153.6167,60.94,68,0,0.76,clear sky
58,Hobart,AU,-42.8794,147.3294,48.25,91,40,4.61,scattered clouds
59,Severo-Kurilsk,RU,50.6789,156.125,47.03,92,100,9.08,overcast clouds
60,Albany,US,42.6001,-73.9662,66.63,79,39,1.01,scattered clouds
61,Lebu,CL,-37.6167,-73.65,46.85,89,4,5.59,clear sky
62,Vila,PT,42.0304,-8.1588,59.88,71,100,4.32,overcast clouds
63,Terrell,US,32.736,-96.2753,83.34,76,64,9.82,broken clouds
64,Mumbwa,ZM,-14.9783,27.0619,76.14,28,3,7.23,clear sky
65,Merritt,CA,50.1123,-120.7942,49.21,98,99,3.33,overcast clouds
66,Bathsheba,BB,13.2167,-59.5167,81.21,78,75,18.41,broken clouds
67,Benavente,ES,42.0025,-5.6783,82.89,31,96,5.53,overcast clouds
68,Xuanhua,CN,40.6103,115.0447,86.5,36,44,7.92,scattered clouds
69,Port Elizabeth,ZA,-33.918,25.5701,59.31,60,0,10.36,clear sky
70,Qaanaaq,GL,77.484,-69.3632,26.1,68,68,5.08,broken clouds
71,Los Llanos De Aridane,ES,28.6585,-17.9182,67.75,84,40,14.97,scattered clouds
72,Castro,BR,-24.7911,-50.0119,49.57,85,0,1.79,clear sky
73,Sur,OM,22.5667,59.5289,97.07,46,7,6.8,clear sky
74,Ekhabi,RU,53.5102,142.9671,45.05,91,100,7.56,overcast clouds
75,Bereda,ES,43.2686,-7.5406,77.58,47,60,3.89,broken clouds
76,Plouzane,FR,48.3833,-4.6167,66.52,60,0,16.11,clear sky
77,Auki,SB,-8.7676,160.7034,77.11,86,87,6.26,overcast clouds
78,Tambo,PE,-14.8,-73.9167,29.28,63,2,4.25,clear sky
79,Sao Paulo De Olivenca,BR,-3.3783,-68.8725,68.79,100,42,1.14,scattered clouds
80,Sitka,US,57.0531,-135.33,54.03,76,74,3.78,broken clouds
81,East London,ZA,-33.0153,27.9116,58.14,47,20,18.41,few clouds
82,Calvinia,ZA,-31.4707,19.776,46.8,40,97,13.29,overcast clouds
83,Georgetown,MY,5.4112,100.3354,89.55,70,20,11.5,few clouds
84,Iralaya,HN,15.0,-83.2333,74.61,90,86,3.13,overcast clouds
85,Mweka,CD,-4.85,21.5667,89.04,39,6,1.45,clear sky
86,Moundou,TD,8.5667,16.0833,84.43,84,20,0.0,few clouds
87,Agboville,CI,5.928,-4.2132,73.76,97,100,1.81,light rain
88,Horta,PT,38.5333,-28.6333,67.64,83,40,10.36,scattered clouds
89,Chuy,UY,-33.6971,-53.4616,50.18,90,99,4.61,overcast clouds
90,Mahebourg,MU,-20.4081,57.7,79.09,65,40,19.57,scattered clouds
91,Mangai,CD,-4.05,19.5333,87.26,53,13,2.55,few clouds
92,Willowmore,ZA,-33.2926,23.4895,45.88,50,45,6.04,scattered clouds
93,Busselton,AU,-33.65,115.3333,65.14,76,6,14.25,clear sky
94,Greaca,RO,44.1094,26.3394,79.21,57,98,2.17,overcast clouds
95,Buraydah,SA,26.326,43.975,100.85,8,0,6.8,clear sky
96,Varzelandia,BR,-15.7014,-44.0275,54.59,79,0,6.44,clear sky
97,Victoria,HK,22.2855,114.1577,86.38,79,33,11.01,scattered clouds
98,Tukrah,LY,32.5341,20.5791,80.4,54,0,10.25,clear sky
99,Bredasdorp,ZA,-34.5322,20.0403,53.71,58,71,5.59,broken clouds
100,Tasiilaq,GL,65.6145,-37.6368,36.68,98,100,5.21,light rain
101,Mount Isa,AU,-20.7333,139.5,71.37,28,5,10.36,clear sky
102,Biloela,AU,-24.4167,150.5,64.71,57,54,6.91,broken clouds
103,Carnarvon,AU,-24.8667,113.6333,73.24,76,99,9.17,overcast clouds
104,Chardara,KZ,41.2547,67.9692,92.82,23,5,4.79,clear sky
105,Clyde River,CA,70.4692,-68.5914,30.43,93,100,25.32,light snow
106,Northam,GB,51.0333,-4.2167,62.26,64,98,2.01,overcast clouds
107,Namatanai,PG,-3.6667,152.4333,80.24,79,100,8.25,light rain
108,Brenham,US,30.1669,-96.3977,79.14,53,100,4.61,overcast clouds
109,Renfrew,GB,55.872,-4.3925,65.25,78,100,6.91,overcast clouds
110,Hamilton,US,39.1834,-84.5333,81.37,83,70,6.11,broken clouds
111,Kannur,IN,11.8675,75.3576,83.35,72,100,11.03,overcast clouds
112,Thinadhoo,MV,0.5333,72.9333,83.8,70,100,9.01,moderate rain
113,Talnakh,RU,69.4865,88.3972,78.21,43,100,3.36,overcast clouds
114,Kamaishi,JP,39.2667,141.8833,66.79,86,100,8.12,overcast clouds
115,Celestun,MX,20.8667,-90.4,75.52,87,45,7.87,scattered clouds
116,Bay Roberts,CA,47.5999,-53.2648,44.04,90,4,5.14,clear sky
117,Macusani,PE,-14.0833,-70.4333,27.75,77,3,2.89,clear sky
118,Avera,US,33.194,-82.5271,77.05,87,37,5.39,scattered clouds
119,Lodwar,KE,3.1191,35.5973,90.27,34,94,10.87,overcast clouds
120,Cap Malheureux,MU,-19.9842,57.6142,77.47,65,60,11.01,broken clouds
121,Kon Tum,VN,14.35,108.0,87.42,57,100,3.27,overcast clouds
122,Hay River,CA,60.8156,-115.7999,48.18,81,100,5.75,overcast clouds
123,Naze,JP,28.3667,129.4833,76.12,90,100,9.01,light rain
124,Verkhnyaya Inta,RU,65.9811,60.3094,67.32,42,99,4.81,overcast clouds
125,Kodiak,US,57.79,-152.4072,45.91,81,20,4.61,few clouds
126,Zyryanovsk,KZ,49.7386,84.2719,68.86,59,7,3.31,clear sky
127,Ponta Do Sol,PT,32.6667,-17.1,73.71,68,36,6.71,scattered clouds
128,Mareeba,AU,-17.0,145.4333,69.48,96,52,3.91,broken clouds
129,Eirunepe,BR,-6.6603,-69.8736,71.46,91,80,1.57,broken clouds
130,Dukat,RU,62.55,155.55,52.09,58,99,5.93,overcast clouds
131,Airai,TL,-8.9266,125.4092,63.54,86,100,3.29,overcast clouds
132,Vardo,NO,70.3705,31.1107,42.78,87,75,14.97,broken clouds
133,Fairbanks,US,64.8378,-147.7164,62.22,68,0,1.01,clear sky
134,Hasaki,JP,35.7333,140.8333,73.29,80,100,17.18,overcast clouds
135,Dudinka,RU,69.4058,86.1778,78.62,44,100,7.4,light rain
136,Abu Dhabi,AE,24.4667,54.3667,104.11,29,0,10.36,clear sky
137,Grindavik,IS,63.8424,-22.4338,50.47,81,75,17.27,broken clouds
138,Yulara,AU,-25.2406,130.9889,66.85,33,75,6.08,broken clouds
139,Kiama,AU,-34.6833,150.8667,60.39,66,11,14.0,few clouds
140,Viedma,AR,-40.8135,-62.9967,42.76,92,3,8.39,clear sky
141,Nemuro,JP,43.3236,145.575,53.38,99,100,15.28,overcast clouds
142,Kruisfontein,ZA,-34.0033,24.7314,55.89,52,72,6.35,broken clouds
143,Bengkulu,ID,-3.8004,102.2655,82.13,75,99,4.18,overcast clouds
144,Cape Town,ZA,-33.9258,18.4232,58.12,67,0,3.0,clear sky
145,Cedar Lake,US,41.3648,-87.4411,80.26,82,84,8.16,broken clouds
146,Keetmanshoop,NA,-26.5833,18.1333,56.23,29,10,17.56,clear sky
147,Sangar,RU,63.9242,127.4739,62.8,58,27,13.33,scattered clouds
148,Katsuura,JP,35.1333,140.3,71.98,87,100,23.76,overcast clouds
149,Penzance,GB,50.1186,-5.5371,65.52,63,0,11.5,clear sky
150,Panguna,PG,-6.3164,155.4848,68.77,96,47,2.89,scattered clouds
151,Boali,CF,4.8005,18.1275,82.8,69,99,3.09,overcast clouds
152,Norman Wells,CA,65.282,-126.8329,48.24,66,20,6.91,few clouds
153,Santa Isabel,BR,-23.3156,-46.2214,47.5,88,0,2.21,clear sky
154,Polson,US,47.6936,-114.1632,49.77,67,100,1.99,overcast clouds
155,Ahipara,NZ,-35.1667,173.1667,55.47,84,32,6.8,scattered clouds
156,Rawson,AR,-43.3002,-65.1023,43.18,73,0,10.22,clear sky
157,Atasu,KZ,48.6814,71.6433,79.83,24,52,12.73,broken clouds
158,Zhigansk,RU,66.7697,123.3711,60.64,43,0,19.75,clear sky
159,Birmitrapur,IN,22.4,84.7667,96.91,39,93,16.33,overcast clouds
160,Itaquyry,PY,-24.9333,-55.2167,59.77,88,5,4.99,clear sky
161,Hanmer Springs,NZ,-42.5167,172.8167,47.32,82,98,7.23,overcast clouds
162,Yelets,RU,52.6237,38.5017,66.34,66,35,8.95,light rain
163,Arraial Do Cabo,BR,-22.9661,-42.0278,53.56,94,0,4.61,clear sky
164,Asyut,EG,27.181,31.1837,93.24,24,0,18.79,clear sky
165,Virtsu,EE,58.5716,23.5115,69.06,84,99,8.66,overcast clouds
166,Mount Gambier,AU,-37.8333,140.7667,49.24,95,79,2.75,broken clouds
167,Glens Falls,US,43.3095,-73.644,68.22,81,15,3.0,few clouds
168,Umtata,ZA,-31.5889,28.7844,52.36,40,0,12.66,clear sky
169,Manokwari,ID,-0.8667,134.0833,81.05,76,94,3.31,overcast clouds
170,Laguna,US,38.421,-121.4238,66.97,57,0,5.75,clear sky
171,Requena,ES,39.4883,-1.1004,79.52,20,89,6.6,overcast clouds
172,Cherskiy,RU,68.75,161.3,56.39,28,11,10.56,few clouds
173,Sinjai,ID,-5.1241,120.253,79.88,86,84,2.17,broken clouds
174,Vaitape,PF,-16.5167,-151.75,80.49,74,10,15.99,light rain
175,Volnovakha,UA,47.601,37.4967,71.13,37,23,9.6,few clouds
176,Mitchell,US,43.7094,-98.0298,64.11,57,1,3.0,clear sky
177,Jishu,CN,44.3167,126.8,68.58,84,70,11.56,broken clouds
178,Kyren,RU,51.6828,102.1408,74.84,55,37,3.87,scattered clouds
179,Puerto Carreno,CO,6.189,-67.4859,71.65,95,24,2.55,few clouds
180,Korla,CN,41.7597,86.1469,101.91,7,100,16.42,overcast clouds
181,Paamiut,GL,61.994,-49.6678,37.33,76,16,8.19,few clouds
182,Nouadhibou,MR,20.931,-17.0347,67.98,88,7,18.41,clear sky
183,Progreso,MX,21.2833,-89.6667,76.1,94,4,7.27,clear sky
184,Lysyanka,UA,49.2523,30.8295,70.11,44,26,6.42,scattered clouds
185,Caborca,MX,30.5838,-111.101,81.3,23,1,2.64,clear sky
186,Hobyo,SO,5.3505,48.5268,85.44,65,100,23.8,overcast clouds
187,Burlington,US,39.8835,-74.6413,68.83,76,75,1.01,broken clouds
188,Tecolutilla,MX,18.2833,-93.3167,77.13,82,72,8.16,broken clouds
189,Tessalit,ML,20.1986,1.0114,92.77,24,33,10.27,scattered clouds
190,Sribne,UA,50.6638,32.9187,67.98,54,36,7.72,scattered clouds
191,San Juan,AR,-31.5375,-68.5364,43.63,47,0,4.79,clear sky
192,Bundaberg,AU,-24.85,152.35,63.21,94,14,2.24,few clouds
193,Bubaque,GW,11.2833,-15.8333,79.9,84,60,17.2,broken clouds
194,Itoman,JP,26.1247,127.6694,77.4,94,75,6.91,light rain
195,Port-Gentil,GA,-0.7193,8.7815,78.76,78,40,12.66,scattered clouds
196,Faanui,PF,-16.4833,-151.75,80.49,73,10,16.13,light rain
197,Kudahuvadhoo,MV,2.6708,72.8944,83.48,71,88,11.52,overcast clouds
198,Namibe,AO,-15.1961,12.1522,72.55,51,3,5.19,clear sky
199,Longyearbyen,SJ,78.2186,15.6401,40.84,70,75,9.22,broken clouds
200,Bambous Virieux,MU,-20.3428,57.7575,79.05,65,40,19.57,scattered clouds
201,Puro,PH,12.4841,123.3827,87.96,62,26,6.31,scattered clouds
202,Shestakovo,RU,56.4915,103.96,83.25,39,91,6.55,overcast clouds
203,Asau,RO,46.4333,26.4,69.28,45,11,3.27,few clouds
204,Aktash,RU,50.3,87.7333,57.81,38,74,7.05,broken clouds
205,Bridlington,GB,54.0831,-0.1919,69.3,76,67,1.83,broken clouds
206,Jizan,SA,17.3333,42.6667,95.94,44,100,16.96,overcast clouds
207,Husavik,IS,66.0449,-17.3389,51.03,62,71,5.75,broken clouds
208,Gao,ML,16.6362,1.637,91.2,33,97,13.22,light rain
209,Butaritari,KI,3.0707,172.7902,82.36,73,20,13.02,few clouds
210,Vestmannaeyjar,IS,63.4427,-20.2734,50.99,76,40,16.11,scattered clouds
211,Ojinaga,MX,29.5667,-104.4167,85.41,51,0,5.75,clear sky
212,North Myrtle Beach,US,33.816,-78.68,79.05,86,11,6.69,few clouds
213,Yenagoa,NG,4.9247,6.2642,79.38,85,100,4.59,moderate rain
214,Enumclaw,US,47.2043,-121.9915,53.56,94,99,1.01,overcast clouds
215,San Andres,CO,12.5847,-81.7006,80.62,83,75,9.22,broken clouds
216,Shahabad,IN,27.65,79.95,110.88,18,32,4.9,scattered clouds
217,Musafirkhana,IN,26.3667,81.8,100.38,34,68,18.79,broken clouds
218,San Fernando,PH,15.0286,120.6898,94.73,49,80,4.92,broken clouds
219,Smithers,CA,54.7804,-127.1743,53.92,71,75,2.3,broken clouds
220,Bambanglipuro,ID,-7.95,110.2833,82.6,76,86,4.54,light rain
221,Terrace,CA,54.5163,-128.6035,58.91,58,75,3.44,broken clouds
222,Puerto Ayora,EC,-0.7393,-90.3518,70.56,96,56,8.01,broken clouds
223,Beya,RU,53.0533,90.9139,71.92,46,76,17.07,broken clouds
224,Santa Cruz,BO,-17.8,-63.1667,62.06,88,0,11.5,clear sky
225,Sanica,BA,44.6142,16.6411,82.11,39,5,3.11,clear sky
226,Mar Del Plata,AR,-38.0023,-57.5575,49.08,91,100,5.99,mist
227,Hami,CN,42.8,93.45,103.71,8,81,10.87,broken clouds
228,Liverpool,GB,53.4106,-2.9779,70.29,61,0,3.44,clear sky
229,Souillac,MU,-20.5167,57.5167,79.18,65,40,19.57,scattered clouds
230,Kasongo-Lunda,CD,-6.4667,16.8167,86.43,36,5,2.3,clear sky
231,Juba,SS,4.8517,31.5825,90.61,42,11,4.05,few clouds
232,Dongsheng,CN,39.8161,109.9776,91.76,11,39,10.94,scattered clouds
233,Berlevag,NO,70.8578,29.0864,40.95,81,75,12.66,broken clouds
234,Sampit,ID,-2.5333,112.95,79.0,93,96,2.33,overcast clouds
235,Raudeberg,NO,61.9875,5.1352,51.96,92,100,14.72,overcast clouds
236,Acapulco,MX,16.8634,-99.8901,76.8,89,100,12.93,overcast clouds
237,Talara,PE,-4.5772,-81.2719,62.89,80,0,18.28,clear sky
238,San Cristobal,VE,7.7669,-72.225,62.46,93,43,2.77,scattered clouds
239,Shenjiamen,CN,29.9576,122.298,74.19,88,100,12.55,overcast clouds
240,Te Anau,NZ,-45.4167,167.7167,42.28,91,60,1.32,broken clouds
241,Leningradskiy,RU,69.3833,178.4167,35.82,85,100,7.23,overcast clouds
242,Miles City,US,46.4083,-105.8406,53.51,78,2,11.05,clear sky
243,Umm Lajj,SA,25.0213,37.2685,86.56,64,0,12.53,clear sky
244,Balykshi,KZ,47.0667,51.8667,89.6,20,0,20.13,clear sky
245,Itarema,BR,-2.9248,-39.9167,71.4,88,71,8.48,broken clouds
246,Taltal,CL,-25.4,-70.4833,52.48,83,47,1.16,scattered clouds
247,Gat,IL,31.61,34.7642,91.4,32,0,14.16,clear sky
248,Xiuyan,CN,40.2928,123.2744,73.81,69,59,11.32,broken clouds
249,Geraldton,AU,-28.7667,114.6,70.21,73,74,9.22,broken clouds
250,Seymchan,RU,62.8833,152.4333,63.52,49,77,2.8,broken clouds
251,Kindu,CD,-2.95,25.95,91.17,44,4,1.34,clear sky
252,Tashtyp,RU,52.7939,89.8983,69.24,54,32,15.66,scattered clouds
253,Codrington,AU,-38.2667,141.9667,55.44,74,98,8.08,overcast clouds
254,Stuttgart,DE,48.7823,9.177,81.77,55,0,3.44,clear sky
255,Kupino,RU,54.3663,77.2981,69.21,54,59,15.12,light rain
256,Havoysund,NO,70.9963,24.6622,39.43,78,96,15.43,overcast clouds
257,Price,US,39.5994,-110.8107,61.12,21,0,5.59,clear sky
258,Rancho Palos Verdes,US,33.7445,-118.387,67.46,91,27,4.0,scattered clouds
259,Beringovskiy,RU,63.05,179.3167,42.4,80,50,11.41,scattered clouds
260,Manicore,BR,-5.8092,-61.3003,69.75,100,75,0.0,broken clouds
261,Provideniya,RU,64.3833,-173.3,40.51,98,100,14.9,light rain
262,Canico,PT,32.6333,-16.85,73.71,78,40,3.44,scattered clouds
263,Sinnamary,GF,5.3833,-52.95,75.69,84,25,3.47,scattered clouds
264,Salinopolis,BR,-0.6136,-47.3561,74.46,87,92,7.2,overcast clouds
265,Ixtapa,MX,20.7,-105.2,76.23,92,100,1.99,overcast clouds
266,Kalemie,CD,-5.9475,29.1947,80.22,57,14,10.94,few clouds
267,Novikovo,RU,51.1537,37.8879,68.94,52,60,8.23,broken clouds
268,Kavaratti,IN,10.5669,72.642,82.08,73,98,19.64,light rain
269,Rafsanjan,IR,30.4067,55.9939,97.99,8,0,6.6,clear sky
270,Cozumel,MX,20.5083,-86.9458,74.95,93,2,8.68,clear sky
271,Macamic,CA,48.7502,-78.9996,62.76,98,100,13.67,overcast clouds
272,Noblesville,US,40.0456,-86.0086,82.58,76,94,1.99,overcast clouds
273,Sambava,MG,-14.2667,50.1667,78.3,65,7,10.67,clear sky
274,Esperance,AU,-33.8667,121.9,63.75,59,0,6.31,clear sky
275,Hithadhoo,MV,-0.6,73.0833,83.05,69,100,7.47,overcast clouds
276,Kavieng,PG,-2.5744,150.7967,81.01,79,52,8.79,light rain
277,Karratha,AU,-20.7377,116.8463,79.63,37,35,10.33,scattered clouds
278,Fare,PF,-16.7,-151.0167,80.04,74,1,17.27,clear sky
279,Jasper,US,37.2001,-94.3502,80.24,77,100,7.7,overcast clouds
280,Hellvik,NO,59.9156,5.781,58.77,86,87,5.01,overcast clouds
281,Tiksi,RU,71.6872,128.8694,35.2,74,36,7.9,scattered clouds
282,Korocha,RU,50.8107,37.1953,70.52,59,33,9.17,scattered clouds
283,Krasnoselkup,RU,65.7,82.4667,72.91,52,99,7.92,light rain
284,Ola,RU,59.5833,151.2833,48.15,88,100,4.94,overcast clouds
285,West Bay,KY,19.3667,-81.4167,81.0,84,74,3.0,broken clouds
286,Leshukonskoye,RU,64.8989,45.7622,67.37,48,98,7.94,overcast clouds
287,Cidreira,BR,-30.1811,-50.2056,56.48,86,30,5.06,scattered clouds
288,Chokurdakh,RU,70.6333,147.9167,66.22,35,57,12.35,broken clouds
289,San Quintin,MX,30.4833,-115.95,60.08,88,0,2.35,clear sky
290,Rio Grande,BR,-32.035,-52.0986,52.56,85,30,5.46,scattered clouds
291,Saint Anthony,US,45.0205,-93.218,67.86,69,0,9.22,clear sky
292,Yei,SS,4.095,30.6779,86.94,45,26,5.21,light rain
293,Teguldet,RU,57.3064,88.1667,66.06,74,96,9.73,light rain
294,Issoudun,FR,47.0,1.8333,80.29,44,0,10.36,clear sky
295,Praia,CV,14.9215,-23.5087,73.94,83,75,19.57,broken clouds
296,Howard,US,39.2504,-76.933,72.64,85,99,7.11,overcast clouds
297,Beroroha,MG,-21.6667,45.1667,84.06,33,27,3.78,scattered clouds
298,Abu Zabad,SD,12.35,29.25,88.56,40,90,12.15,overcast clouds
299,Portland,US,45.5234,-122.6762,59.09,81,100,4.14,overcast clouds
300,Nalut,LY,30.3333,10.85,85.14,23,0,11.88,clear sky
301,Matamoros,MX,25.5333,-103.25,76.51,40,24,13.29,few clouds
302,Biltine,TD,14.5333,20.9167,95.32,25,1,3.31,clear sky
303,Karonga,MW,-9.9333,33.9333,76.46,66,43,5.86,scattered clouds
304,Plettenberg Bay,ZA,-34.0527,23.3716,57.15,45,64,4.0,broken clouds
305,Barrow,US,71.2906,-156.7887,37.96,82,100,7.16,light rain
306,Wanning,CN,18.8003,110.3967,85.46,78,93,15.55,overcast clouds
307,Leca Da Palmeira,PT,41.191,-8.7003,70.21,79,75,5.75,broken clouds
308,Taywarah,AF,33.35,64.4167,78.84,9,0,11.16,clear sky
309,Poltavka,RU,54.3663,71.7632,72.14,44,56,11.54,broken clouds
310,Kidal,ML,18.4411,1.4078,92.84,30,51,8.08,broken clouds
311,Ostrovnoy,RU,68.0531,39.5131,44.17,87,100,21.56,overcast clouds
312,Daru,PG,-9.0763,143.2092,78.89,89,59,13.94,broken clouds
313,Magadan,RU,59.5667,150.8,47.53,92,100,4.03,overcast clouds
314,Bilma,NE,18.6853,12.9164,98.06,23,58,2.01,broken clouds
315,Fortuna,US,40.5982,-124.1573,56.66,87,100,1.12,overcast clouds
316,Nanortalik,GL,60.1432,-45.2371,37.83,87,0,5.75,clear sky
317,Clifton,US,40.8584,-74.1638,67.82,78,85,3.0,overcast clouds
318,Oksfjord,NO,70.2396,22.3479,48.38,66,100,5.61,overcast clouds
319,Chilca,PE,-12.5211,-76.7372,60.13,81,78,4.36,broken clouds
320,Broken Hill,AU,-31.95,141.4333,58.53,51,98,9.95,overcast clouds
321,Peruibe,BR,-24.32,-46.9983,58.55,91,3,2.95,clear sky
322,Champua,IN,22.0833,85.6667,95.58,37,95,6.06,moderate rain
323,Cuamba,MZ,-14.8031,36.5372,85.95,35,7,1.32,clear sky
324,Vila Velha,BR,-20.3297,-40.2925,62.94,90,75,3.44,broken clouds
325,Oranjemund,NA,-28.55,16.4333,65.62,33,3,18.95,clear sky
326,Ketchikan,US,55.3422,-131.6461,54.61,79,100,7.23,overcast clouds
327,Yumen,CN,40.2833,97.2,96.6,4,63,10.71,broken clouds
328,Stornoway,GB,58.2093,-6.3865,54.03,92,75,4.61,broken clouds
329,Sibolga,ID,1.7427,98.7792,85.35,64,87,3.91,overcast clouds
330,Nakusp,CA,50.2499,-117.8023,59.34,77,33,3.44,scattered clouds
331,Alice Springs,AU,-23.7,133.8833,67.55,32,5,8.05,clear sky
332,Kitimat,CA,54.0524,-128.6534,59.38,43,100,0.69,overcast clouds
333,Vila Franca Do Campo,PT,37.7167,-25.4333,65.19,78,27,5.03,scattered clouds
334,Pevek,RU,69.7008,170.3133,32.77,81,7,8.19,clear sky
335,Prieska,ZA,-29.6641,22.7474,49.48,36,56,10.42,broken clouds
336,Stokmarknes,NO,68.5646,14.9108,49.98,76,75,8.05,broken clouds
337,Palmer,US,42.1584,-72.3287,62.31,82,24,3.78,few clouds
338,San Rafael,AR,-34.6177,-68.3301,41.36,68,0,3.98,clear sky
339,Ilulissat,GL,69.2167,-51.1,37.36,59,29,6.33,scattered clouds
340,Nioro,GM,13.35,-15.75,81.64,65,75,8.99,broken clouds
341,Chakulia,IN,22.4833,86.7167,83.35,74,100,5.93,overcast clouds
342,Semey,KZ,50.4111,80.2275,66.42,72,75,6.71,broken clouds
343,Mnogovershinnyy,RU,53.9353,139.9242,46.44,91,100,2.8,overcast clouds
344,Chekhov,RU,55.1431,37.4711,69.69,43,37,7.92,scattered clouds
345,Anadyr,RU,64.75,177.4833,55.9,67,0,2.24,light rain
346,Palauig,PH,15.435,119.9045,85.23,72,99,4.79,overcast clouds
347,Broome,US,42.2506,-75.833,68.02,88,100,9.22,heavy intensity rain
348,Meulaboh,ID,4.1363,96.1285,84.92,63,100,5.7,overcast clouds
349,Digri,PK,25.1558,69.1113,103.62,32,0,22.03,clear sky
350,Sao Jose Da Coroa Grande,BR,-8.8978,-35.1478,75.15,88,82,10.67,light rain
351,Port Blair,IN,11.6667,92.75,86.04,74,75,10.36,broken clouds
352,Quevedo,EC,-1.0333,-79.45,70.12,88,48,3.15,scattered clouds
353,Taoudenni,ML,22.6783,-3.9836,97.56,25,0,6.13,clear sky
354,Kalmunai,LK,7.4167,81.8167,82.17,75,100,7.23,overcast clouds
355,Coquimbo,CL,-29.9533,-71.3436,53.33,100,75,3.44,broken clouds
356,Darhan,MN,49.4867,105.9228,74.52,60,99,11.07,overcast clouds
357,Khatanga,RU,71.9667,102.5,74.14,29,97,11.81,overcast clouds
358,Syracuse,IT,37.0881,15.2792,87.17,59,6,7.52,clear sky
359,Mecca,SA,21.4267,39.8261,111.33,5,0,13.85,clear sky
360,Camargo,MX,27.6667,-105.1667,76.82,44,15,6.04,few clouds
361,Dunedin,NZ,-45.8742,170.5036,45.81,74,100,8.01,overcast clouds
362,Torbay,CA,47.6666,-52.7314,43.29,88,20,5.75,few clouds
363,Ambunti,PG,-4.2365,142.8448,79.56,82,22,3.76,few clouds
364,Riyadh,SA,24.6877,46.7219,105.94,8,0,8.57,clear sky
365,Boyolangu,ID,-8.1181,111.8935,81.63,80,88,4.36,moderate rain
366,Faya,SA,18.3851,42.4509,84.72,12,100,12.17,overcast clouds
367,Tallahassee,US,30.4383,-84.2807,78.33,92,87,2.59,overcast clouds
368,Udachnyy,RU,66.4167,112.4,71.46,32,12,8.79,few clouds
369,Cabra,ES,37.4725,-4.4421,87.64,30,71,1.05,broken clouds
370,Asfi,MA,32.2994,-9.2372,70.03,74,5,10.71,clear sky
371,Kayes,ML,14.0,-11.0,86.65,50,100,15.99,overcast clouds
372,Saint-Philippe,RE,-21.3585,55.7679,80.19,79,62,14.65,broken clouds
373,Agadir,MA,30.4202,-9.5982,70.25,69,10,2.82,clear sky
374,Otradnoye,RU,59.7775,30.8181,64.45,55,9,15.14,clear sky
375,Marrakesh,MA,31.6315,-8.0083,71.67,73,0,8.05,clear sky
376,Kaita,JP,34.3667,132.55,80.4,81,100,7.74,overcast clouds
377,Piacabucu,BR,-10.4056,-36.4344,74.59,82,99,12.48,overcast clouds
378,Kourou,GF,5.1552,-52.6478,75.11,90,58,2.75,broken clouds
379,Gazli,UZ,40.1333,63.45,100.76,10,46,15.75,scattered clouds
380,Samana,DO,19.2056,-69.3369,75.76,89,91,3.11,overcast clouds
381,Warri,NG,5.5167,5.75,79.95,82,100,3.06,moderate rain
382,Mahanoro,MG,-19.9,48.8,78.96,65,1,10.96,clear sky
383,Green River,US,41.5286,-109.4662,48.97,42,0,2.57,clear sky
384,Acari,PE,-15.4311,-74.6158,58.86,76,8,1.21,clear sky
385,Adana,TR,36.985,35.2881,88.32,58,0,6.91,clear sky
386,Andenes,NO,69.3143,16.1194,48.18,87,75,4.61,broken clouds
387,Hervey Bay,AU,-25.2986,152.8535,67.01,82,64,11.01,broken clouds
388,Hambantota,LK,6.1241,81.1185,89.94,62,75,6.91,light rain
389,Batemans Bay,AU,-35.7167,150.1833,58.1,72,38,6.85,scattered clouds
390,Togur,RU,58.3631,82.8265,66.6,62,86,7.76,light rain
391,Kupang,ID,-10.1667,123.5833,81.16,69,100,14.23,overcast clouds
392,Praia Da Vitoria,PT,38.7333,-27.0667,64.76,88,40,8.41,scattered clouds
393,Iqaluit,CA,63.7506,-68.5145,37.13,86,100,16.11,overcast clouds
394,Belaya Gora,RU,68.5333,146.4167,70.11,32,18,13.78,few clouds
395,Mackay,AU,-21.15,149.2,64.69,84,0,9.28,clear sky
396,Porto Torres,IT,40.835,8.3972,84.38,41,0,5.84,clear sky
397,Samarai,PG,-10.6167,150.6667,80.33,81,100,5.26,overcast clouds
398,Lorengau,PG,-2.0226,147.2712,82.17,73,46,7.65,scattered clouds
399,Simpang,ID,-1.2667,104.0833,85.03,71,88,1.54,light rain
400,Bonthe,SL,7.5264,-12.505,80.62,78,99,10.11,light rain
401,Coihaique,CL,-45.5752,-72.0662,42.75,56,0,9.22,clear sky
402,Oruro,BO,-17.9833,-67.15,31.39,61,0,1.3,clear sky
403,Caucaia,BR,-3.7361,-38.6531,75.15,82,40,8.05,scattered clouds
404,Tilichiki,RU,60.4667,166.1,44.42,89,88,8.16,overcast clouds
405,Yining,CN,29.0361,114.5636,89.78,53,47,5.48,scattered clouds
406,Turukhansk,RU,65.8167,87.9833,74.28,50,82,4.14,broken clouds
407,Sobolevo,RU,54.4299,31.8996,63.7,58,13,13.4,few clouds
408,Griffith,US,41.5284,-87.4237,80.26,87,40,5.75,scattered clouds
409,Kulhudhuffushi,MV,6.6221,73.07,82.9,75,100,15.19,overcast clouds
410,Lasa,IT,46.6166,10.7002,71.69,43,82,2.93,broken clouds
411,Hofn,IS,64.2539,-15.2082,50.02,81,100,2.3,overcast clouds
412,Okato,NZ,-39.2,173.8833,55.18,97,42,1.01,scattered clouds
413,Sangin,AF,32.0728,64.8359,106.39,5,0,5.28,clear sky
414,Chapais,CA,49.7834,-74.8492,64.18,78,98,11.5,overcast clouds
415,Port Augusta,AU,-32.5,137.7667,55.98,68,3,5.46,clear sky
416,Balikpapan,ID,-1.2675,116.8289,77.13,86,100,2.86,light rain
417,Akyab,MM,20.15,92.9,79.05,84,100,3.8,overcast clouds
418,Tevriz,RU,57.509,72.4042,71.1,39,95,11.14,overcast clouds
419,Rio Gallegos,AR,-51.6226,-69.2181,35.65,93,100,4.61,overcast clouds
420,Ust-Ilimsk,RU,58.0006,102.6619,80.44,38,100,2.48,overcast clouds
421,Carupano,VE,10.6678,-63.2585,75.27,92,84,8.1,broken clouds
422,Mokhsogollokh,RU,61.4681,128.9203,58.73,85,76,3.29,light rain
423,Biak,ID,-0.9131,122.8766,79.68,80,55,5.68,broken clouds
424,Ishigaki,JP,24.3448,124.1572,80.73,94,75,10.36,broken clouds
425,Bhag,PK,29.0415,67.8239,112.19,19,0,7.65,clear sky
426,Safaga,EG,26.7292,33.9365,89.13,44,8,19.22,clear sky
427,Isangel,VU,-19.55,169.2667,77.14,86,100,14.34,moderate rain
428,Porto Santo,PT,33.072,-16.3415,68.38,73,20,12.66,few clouds
429,Oum Hadjer,TD,13.2954,19.6966,93.4,32,4,8.75,clear sky
430,Sumbawanga,TZ,-7.9667,31.6167,73.49,40,7,5.44,clear sky
431,Fort Frances,CA,48.5999,-93.4003,58.15,55,100,3.0,overcast clouds
432,Brejo,BR,-3.6844,-42.7503,68.49,94,58,2.93,broken clouds
433,Aklavik,CA,68.2191,-135.0107,47.44,58,0,4.74,clear sky
434,Pangody,RU,65.85,74.4859,68.49,46,98,25.75,overcast clouds
435,Suileng,CN,47.25,127.0833,74.77,56,58,6.51,light rain
436,Songea,TZ,-10.6833,35.65,76.14,55,29,2.77,light rain
437,Diamantino,BR,-14.4086,-56.4461,69.04,77,18,3.71,few clouds
438,Aripuana,BR,-9.1667,-60.6333,68.79,99,51,0.63,broken clouds
439,Ramgarh,IN,23.6333,85.5167,93.25,52,100,3.74,overcast clouds
440,Maragogi,BR,-9.0122,-35.2225,74.8,88,83,11.16,light rain
441,Yanggu,CN,36.1106,115.7753,108.57,13,61,13.27,broken clouds
442,Oistins,BB,13.0667,-59.5333,80.69,78,75,18.41,broken clouds
443,Lufilufi,WS,-13.8745,-171.5986,74.98,80,31,20.71,light rain
444,Saint-Georges,GD,12.0564,-61.7485,78.85,86,96,16.49,overcast clouds
445,Tuatapere,NZ,-46.1333,167.6833,44.04,82,100,7.07,overcast clouds
446,Arlit,NE,18.7369,7.3853,94.46,23,100,3.2,overcast clouds
447,Ambon,ID,-3.6954,128.1814,83.23,11,40,2.3,scattered clouds
448,Marzuq,YE,14.4,46.4667,91.71,25,2,9.01,clear sky
449,Athabasca,CA,54.7169,-113.2854,54.01,72,95,6.82,overcast clouds
450,Tulagi,SB,-9.0996,160.1476,82.54,74,99,17.69,overcast clouds
451,Edd,ER,13.9297,41.6925,92.84,47,95,9.4,overcast clouds
452,Kastamonu,TR,41.5,33.6667,70.9,53,4,5.03,clear sky
453,Moose Factory,CA,51.2585,-80.6094,69.8,83,100,9.22,overcast clouds
454,Puerto Colombia,CO,10.9878,-74.9547,77.09,81,87,2.33,overcast clouds
455,Baykit,RU,61.67,96.37,77.4,51,59,4.79,light rain
456,La Rioja,ES,42.25,-2.5,76.78,28,97,3.91,overcast clouds
457,Santo Antonio,BR,-6.3106,-35.4789,69.44,94,5,4.74,clear sky
458,Rafai,CF,4.95,23.9167,84.69,56,100,2.51,overcast clouds
459,Grants Pass,US,42.439,-123.3284,59.59,78,100,4.61,mist
460,Coahuayana,MX,18.7333,-103.6833,77.25,92,100,2.82,overcast clouds
461,Santa Maria,BR,-29.6842,-53.8069,51.85,93,16,2.75,few clouds
462,Mbandaka,CD,0.0487,18.2603,81.93,65,99,0.92,overcast clouds
463,Dali,CN,25.7,100.1833,66.9,80,100,5.97,light rain
464,Puerto Escondido,MX,15.85,-97.0667,76.77,84,100,4.43,overcast clouds
465,Vostok,RU,46.4856,135.8833,61.39,88,99,1.48,overcast clouds
466,Haines Junction,CA,60.7522,-137.5108,44.55,93,48,0.0,scattered clouds
467,Tenancingo,MX,19.1472,-98.1806,51.08,77,92,6.17,overcast clouds
468,Pangkalanbuun,ID,-2.6833,111.6167,80.58,92,89,2.53,overcast clouds
469,Narsaq,GL,60.9167,-46.05,42.73,45,0,3.42,clear sky
470,Aljezur,PT,37.3191,-8.8033,69.67,69,96,1.99,light rain
471,Lenger,KZ,42.183,69.8839,92.64,19,54,8.34,broken clouds
472,Cayenne,GF,4.9333,-52.3333,75.09,1,75,0.0,broken clouds
473,Ayagoz,KZ,47.9714,80.4392,75.11,29,20,7.63,few clouds
474,Weihai,CN,37.5017,122.1136,75.36,61,1,14.23,clear sky
475,Anakapalle,IN,17.6833,83.0167,91.35,59,100,14.61,overcast clouds
476,Genhe,CN,50.7833,121.5167,73.44,32,70,3.96,moderate rain
477,Morehead,US,37.2711,-87.1764,79.86,86,0,0.0,clear sky
478,Dao,PH,11.3937,122.6856,85.01,68,91,3.65,overcast clouds
479,Winnemucca,US,40.973,-117.7357,65.21,24,0,0.92,clear sky
480,Moron,AR,-34.6534,-58.6198,53.35,98,51,1.14,fog
481,Maltahohe,NA,-24.8333,16.9833,55.6,28,0,7.85,clear sky
482,Hauterive,FR,46.0901,3.4459,81.36,46,81,4.34,broken clouds
483,Choix,MX,26.7092,-108.3219,78.76,65,61,4.0,broken clouds
484,Takahashi,JP,34.7833,133.6167,79.05,79,99,4.88,overcast clouds
485,Bac Lieu,VN,9.285,105.7244,87.37,62,98,11.99,overcast clouds
486,Saldanha,ZA,-33.0117,17.9442,53.65,49,50,11.54,scattered clouds
487,Paranaiba,BR,-19.6772,-51.1908,64.38,73,3,4.41,clear sky
488,Sumbe,AO,-11.2061,13.8437,75.24,62,24,3.0,few clouds
489,Alta Floresta,BR,-9.8756,-56.0861,67.96,87,18,1.86,few clouds
490,Sovetsk,RU,55.0839,21.8785,60.91,72,100,6.87,overcast clouds
491,La Crosse,US,43.8014,-91.2396,64.31,95,0,1.01,clear sky
492,Nabire,ID,-3.3667,135.4833,79.45,83,98,0.34,overcast clouds
493,Tabou,CI,4.423,-7.3528,74.8,91,100,14.25,light rain
494,Karasburg,NA,-28.0167,18.75,57.69,26,9,14.56,clear sky
495,Phek,IN,25.6667,94.5,61.29,99,100,1.57,light rain
496,Marsaxlokk,MT,35.8419,14.5431,84.81,32,0,5.75,clear sky
497,Glendive,US,47.1053,-104.7125,57.69,75,27,18.01,scattered clouds
498,Pacific Grove,US,36.6177,-121.9166,55.24,85,0,5.01,clear sky
499,Abalak,RU,58.1286,68.5944,72.21,42,53,11.27,broken clouds
500,Burns Lake,CA,54.2331,-125.7533,45.82,92,100,5.32,overcast clouds
501,Falkenberg,SE,56.9055,12.4912,63.25,70,100,11.25,overcast clouds
502,Mersing,MY,2.4312,103.8405,85.91,79,40,6.91,scattered clouds
503,Vanimo,PG,-2.6741,141.3028,80.85,83,25,7.27,scattered clouds
504,Evensk,RU,61.95,159.2333,46.42,73,100,6.93,overcast clouds
505,Sao Felix Do Xingu,BR,-6.6447,-51.995,65.17,85,0,0.07,clear sky
506,Araouane,ML,18.9048,-3.5265,95.95,26,52,22.73,broken clouds
507,Sao Filipe,CV,14.8961,-24.4956,73.08,84,81,9.64,broken clouds
508,Ginir,ET,7.1333,40.7,75.13,41,91,5.23,overcast clouds
509,Makakilo City,US,21.3469,-158.0858,74.68,82,100,4.61,light rain
510,Novyy Urgal,RU,51.0736,132.5642,63.43,79,85,9.1,moderate rain
511,Ballina,AU,-28.8667,153.5667,61.02,79,0,1.79,clear sky
512,Velsk,RU,61.0701,42.0983,58.96,77,75,10.56,broken clouds
513,Yerbogachen,RU,61.2767,108.0108,77.14,38,76,2.95,broken clouds
514,Batagay-Alyta,RU,67.8006,130.4114,41.79,86,100,8.14,overcast clouds
515,Pouebo,NC,-20.4,164.5667,75.11,87,19,10.98,few clouds
516,Kilindoni,TZ,-7.9139,39.6668,78.98,76,16,9.91,light rain
517,Vacaria,BR,-28.5122,-50.9339,45.88,94,4,5.44,clear sky
518,Chemal,RU,51.4111,86.005,65.68,86,61,4.65,broken clouds
519,Kenai,US,60.5544,-151.2583,52.09,80,8,11.25,clear sky
520,Misratah,LY,32.3754,15.0925,79.36,54,0,8.14,clear sky
521,Ondjiva,AO,-17.0667,15.7333,72.12,24,0,13.0,clear sky
522,Port Macquarie,AU,-31.4333,152.9167,58.89,70,31,3.58,scattered clouds
523,Altamira,BR,-3.2033,-52.2064,65.89,90,5,1.97,clear sky
524,Roald,NO,62.5833,6.1333,58.91,94,75,5.75,light rain
525,Guanare,VE,9.0418,-69.7421,73.42,100,61,2.3,broken clouds
526,Najran,SA,17.4924,44.1277,95.65,10,46,14.88,scattered clouds
527,Verkhoyansk,RU,67.5447,133.385,64.04,44,94,18.92,overcast clouds
528,Limbang,MY,4.75,115.0,91.06,65,83,4.92,broken clouds
529,Buritizeiro,BR,-17.3511,-44.9622,56.93,80,3,1.41,clear sky
530,Luena,AO,-11.7833,19.9167,77.02,24,61,5.19,broken clouds
531,Tiznit,MA,29.5833,-9.5,74.25,48,19,3.87,few clouds
532,Ghugus,IN,19.9333,79.1333,93.09,48,100,6.38,overcast clouds
533,Jurm,AF,36.8648,70.8342,82.92,21,44,10.2,scattered clouds
534,Amapa,BR,1.0,-52.0,67.89,99,62,0.16,broken clouds
535,Dingle,PH,10.9995,122.6711,86.27,70,100,5.17,overcast clouds
536,Dicabisagan,PH,17.0818,122.4157,85.55,75,49,7.7,scattered clouds
537,Chimbote,PE,-9.0853,-78.5783,62.33,81,96,8.55,overcast clouds
538,Kloulklubed,PW,7.0419,134.2556,81.1,73,99,9.42,overcast clouds
539,Mayo,US,38.8876,-76.5119,73.94,83,100,3.0,overcast clouds
540,Port Moresby,PG,-9.4431,147.1797,83.62,74,40,11.5,haze
541,Olivet,FR,47.8622,1.8991,81.99,45,14,5.75,few clouds
542,Acarau,BR,-2.8856,-40.12,71.64,87,72,9.33,broken clouds
543,Port Lincoln,AU,-34.7333,135.8667,58.66,65,96,6.8,overcast clouds
544,Vilyuysk,RU,63.7553,121.6247,69.87,36,58,10.25,broken clouds
545,Jalu,LY,29.0331,21.5482,89.06,26,0,8.08,clear sky
546,Caravelas,BR,-17.7125,-39.2481,68.29,76,100,1.97,overcast clouds
547,Lagoa,PT,39.05,-27.9833,64.62,89,8,8.97,clear sky
548,Lompoc,US,34.6391,-120.4579,61.79,90,0,1.52,clear sky
549,Nizhniy Ingash,RU,56.2,96.53,80.56,41,2,4.38,clear sky
550,Slave Lake,CA,55.2834,-114.769,55.38,62,0,8.05,clear sky
551,Ca Mau,VN,9.1769,105.15,85.19,71,100,7.67,overcast clouds
552,Buin,CL,-33.7333,-70.75,54.05,84,75,0.85,broken clouds
553,Mehran,IR,33.1222,46.1646,107.74,6,0,27.31,clear sky
554,Nanpiao,CN,41.0982,120.7479,80.44,58,77,9.98,broken clouds
555,Mana,GF,5.6592,-53.7767,75.36,85,67,4.68,broken clouds
556,Talakan,RU,50.3167,130.3667,62.42,97,100,3.65,overcast clouds
557,Egvekinot,RU,66.3167,-179.1667,32.32,100,100,0.51,overcast clouds
558,Mumford,GH,5.2618,-0.759,72.46,94,100,18.57,heavy intensity rain
559,Beidao,CN,34.5686,105.8933,86.88,30,76,16.04,broken clouds
560,Uyemskiy,RU,64.4743,40.8524,64.45,63,75,8.95,heavy intensity rain
561,Beloha,MG,-25.1667,45.05,79.88,42,12,17.22,few clouds
562,Eureka,US,40.8021,-124.1637,56.93,83,100,1.28,overcast clouds
563,Port Keats,AU,-14.25,129.55,81.1,31,65,2.75,broken clouds
564,Pokhara,NP,28.2333,83.9833,84.58,61,48,2.59,scattered clouds
565,Dharmavaram,IN,14.4333,77.7167,96.64,32,100,8.34,overcast clouds
566,Touros,BR,-5.1989,-35.4608,73.31,79,5,8.3,clear sky
567,Marinette,US,45.1,-87.6307,63.09,97,35,10.85,scattered clouds
568,Skjervoy,NO,70.0311,20.9714,51.8,78,88,7.43,overcast clouds
569,Tromso,NO,69.6496,18.957,50.02,57,75,9.22,broken clouds
570,Katoro,TZ,-3.0203,31.8958,79.36,43,12,7.18,few clouds
571,Maryborough,AU,-25.5333,152.7,66.11,84,27,2.21,scattered clouds
572,Vyartsilya,RU,62.1764,30.693,49.51,90,100,11.56,overcast clouds
573,Flinders,AU,-34.5833,150.8552,60.19,65,12,7.0,few clouds
574,Saint George,US,37.1041,-113.5841,76.62,19,0,4.0,clear sky
575,Pegnitz,DE,49.7564,11.545,80.74,59,69,5.28,broken clouds
576,Bandarbeyla,SO,9.4942,50.8122,91.49,45,64,23.11,broken clouds
577,Salamiyah,SY,35.0113,37.0532,88.45,26,0,5.77,clear sky
578,Tubuala,PA,9.5167,-79.0333,77.95,87,99,9.91,overcast clouds
579,Chumikan,RU,54.7183,135.315,40.86,89,99,6.85,overcast clouds
580,Baruun-Urt,MN,46.6806,113.2792,76.71,37,88,4.41,overcast clouds
581,Chambersburg,US,39.9376,-77.6611,66.15,98,86,2.98,overcast clouds
582,Maarianhamina,AX,60.0973,19.9348,64.26,63,0,10.36,clear sky
583,Malanje,AO,-9.5402,16.341,77.99,24,67,4.83,broken clouds
584,Maroantsetra,MG,-15.4333,49.7333,76.35,70,30,5.26,scattered clouds
585,Irece,BR,-11.3042,-41.8558,59.45,85,27,12.12,scattered clouds
586,Kaoma,ZM,-14.7833,24.8,77.43,25,0,6.6,clear sky
587,Upington,ZA,-28.4478,21.2561,57.58,38,0,11.5,clear sky
588,Nuuk,GL,64.1835,-51.7216,36.16,77,98,3.2,overcast clouds
589,Loukhi,RU,66.0764,33.0381,50.34,96,100,9.51,overcast clouds
590,La Primavera,CO,5.4906,-70.4092,72.61,88,90,3.49,moderate rain
591,Sri Aman,MY,1.2376,111.4621,82.45,89,40,3.44,scattered clouds
592,Doka,SD,13.5167,35.7667,87.35,48,100,5.59,overcast clouds
593,Inta,RU,66.0317,60.1659,66.81,42,100,5.46,overcast clouds
594,Hovd,MN,48.0056,91.6419,80.89,20,100,8.32,overcast clouds
595,Yakeshi,CN,49.2833,120.7333,68.2,54,99,7.09,light rain
596,San Jeronimo,PE,-11.9472,-75.2829,37.54,83,16,1.57,few clouds
597,Shingu,JP,33.7333,135.9833,72.59,88,100,7.83,overcast clouds
598,Ugoofaaru,MV,5.6667,73.0,82.11,77,95,13.49,overcast clouds
599,Ormond Beach,US,29.2858,-81.0559,80.1,86,9,3.06,clear sky
600,Ratnagiri,IN,16.9833,73.3,86.76,65,17,10.98,light rain
601,Tautira,PF,-17.7333,-149.15,79.18,77,42,18.68,light rain
602,Surt,LY,31.2089,16.5887,78.42,59,0,8.55,clear sky
603,Adrar,MR,20.5022,-10.0711,96.37,8,6,16.82,clear sky
604,Alugan,PH,12.2188,125.4808,84.72,70,66,6.85,broken clouds
605,Black River,JM,18.0264,-77.8487,78.51,78,100,9.19,overcast clouds
606,Luanda,AO,-8.8368,13.2343,73.36,66,11,3.87,few clouds
607,Bhandaria,BD,22.4861,90.0609,90.46,60,99,20.49,light rain
608,Hit,IQ,33.6416,42.8251,102.09,14,0,11.05,clear sky
609,Qaqortoq,GL,60.7167,-46.0333,40.98,60,0,3.76,clear sky
610,Padang,ID,-0.9492,100.3543,84.25,78,100,4.52,light rain
611,Coos Bay,US,43.3665,-124.2179,55.99,92,100,10.36,overcast clouds
612,Shirokiy,RU,49.758,129.523,65.16,89,100,4.12,light rain
613,Luz,BR,-19.8014,-45.6856,53.96,73,0,0.38,clear sky
614,North Bend,US,43.4065,-124.2243,55.92,92,100,10.36,overcast clouds
615,Bangassou,CF,4.7413,22.8184,85.5,59,100,1.97,overcast clouds
616,Sioux Lookout,CA,50.1001,-91.917,54.68,95,97,9.33,light rain
617,Ahuimanu,US,21.4447,-157.8378,75.85,85,36,4.0,scattered clouds
618,Zhuhai,CN,22.2769,113.5678,89.85,84,40,9.22,light rain
619,La Serena,CL,-29.9078,-71.2542,49.62,92,20,0.72,few clouds
620,Antalya,TR,36.7741,30.7178,93.79,57,20,3.44,few clouds
621,Serenje,ZM,-13.2325,30.2352,74.39,32,3,8.25,clear sky
622,Japura,ID,-0.3167,102.35,84.04,82,100,1.59,light rain
623,Porto Walter,BR,-8.2686,-72.7439,66.11,93,5,1.1,clear sky
624,Cairns,AU,-16.9167,145.7667,74.1,78,75,11.5,broken clouds
625,Socorro,US,31.6546,-106.3033,84.06,29,7,8.37,clear sky
626,Shenzhen,CN,22.5455,114.0683,86.27,94,78,10.96,broken clouds
627,Pacifica,US,37.6138,-122.4869,58.68,86,0,18.41,clear sky
628,Whitehorse,CA,60.7161,-135.0538,51.31,66,25,3.0,scattered clouds
629,Srednekolymsk,RU,67.45,153.6833,66.02,20,17,14.14,few clouds
630,Esfarayen,IR,37.0765,57.5101,85.73,29,1,14.38,clear sky
631,Villefranche-Sur-Saone,FR,45.9833,4.7167,87.57,54,35,1.01,scattered clouds
632,Burnie,AU,-41.0667,145.9167,51.94,72,4,7.2,clear sky
633,Menongue,AO,-14.6585,17.691,73.33,25,75,4.59,broken clouds
634,Ostersund,SE,63.1792,14.6357,58.6,76,100,6.91,overcast clouds
635,Klaksvik,FO,62.2266,-6.589,52.72,88,100,8.08,overcast clouds
636,Fenoarivo Atsinanana,MG,-17.3667,49.4167,76.82,68,86,3.58,overcast clouds
637,Bonavista,CA,48.6499,-53.1147,45.55,80,0,8.84,clear sky
638,Nago,JP,26.5881,127.9761,77.45,95,100,2.82,heavy intensity rain
639,San Patricio,US,28.017,-97.5169,82.83,95,65,7.63,broken clouds
640,Mayumba,GA,-3.432,10.6554,76.59,76,87,8.95,overcast clouds
641,Tibati,CM,6.4667,12.6333,74.35,84,99,1.1,moderate rain
642,Poso,ID,-1.3959,120.7524,80.42,86,87,2.35,overcast clouds
643,Lucea,JM,18.451,-78.1736,74.86,78,98,6.44,overcast clouds
644,Ipojuca,BR,-8.3989,-35.0639,73.72,92,95,4.81,overcast clouds
645,Namtsy,RU,62.7161,129.6658,70.56,51,41,15.12,scattered clouds
646,Muriti,TZ,-1.9833,32.9167,75.65,61,61,11.97,broken clouds
647,Iringa,TZ,-7.7667,35.7,77.22,41,1,2.86,clear sky
648,Yerkoy,TR,39.6381,34.4672,76.55,40,0,7.0,clear sky
649,Petropavlovka,RU,50.6114,105.3196,66.07,82,99,2.37,light rain
650,Ambilobe,MG,-13.2,49.05,89.1,40,0,3.0,clear sky
651,Pundaguitan,PH,6.3711,126.1689,82.85,73,98,11.5,light rain
652,Le Port,RE,-20.9373,55.2919,80.6,63,26,8.19,scattered clouds
653,Loa Janan,ID,-0.583,117.095,79.09,92,97,0.4,overcast clouds
654,Rawlins,US,41.7911,-107.2387,45.36,33,0,0.0,clear sky
655,Mogadishu,SO,2.0371,45.3438,87.67,66,20,16.11,few clouds
656,Villazon,BO,-22.0866,-65.5942,30.24,19,19,2.93,few clouds
657,Camanducaia,BR,-22.7553,-46.1447,53.24,65,0,2.53,clear sky
658,Sangre Grande,TT,10.5835,-61.1177,77.18,93,100,7.52,overcast clouds
659,Porto Novo,BJ,6.4965,2.6036,80.22,80,100,5.28,light rain
660,Port-Cartier,CA,50.0334,-66.8654,53.74,77,14,4.81,few clouds
661,Kalabo,ZM,-14.97,22.6814,76.3,28,4,8.46,clear sky
662,Gradistea,RO,44.2333,27.2167,78.12,32,9,0.87,clear sky
663,Gerede,TR,40.8008,32.1969,65.7,60,18,5.35,few clouds
664,Kurilsk,RU,45.2333,147.8833,48.07,96,100,14.25,overcast clouds
665,Praya,CV,14.9215,-23.5087,73.94,83,75,19.57,broken clouds
666,Matara,LK,5.9485,80.5353,80.89,80,100,11.16,moderate rain
667,Ngunguru,NZ,-35.6167,174.5,53.71,83,0,8.46,clear sky
668,Belyy Yar,RU,53.6039,91.3903,78.69,41,0,17.9,clear sky
669,Marshfield,US,44.6689,-90.1718,57.18,96,2,11.65,clear sky
670,Kropachevo,RU,55.0112,57.9896,73.45,57,14,8.43,few clouds
671,Lokosovo,RU,61.1333,74.8167,57.79,92,100,13.2,light rain
672,Esso,RU,55.9333,158.7,47.32,97,100,2.91,light rain
673,Vanderhoof,CA,54.0166,-124.0198,50.2,86,100,0.56,overcast clouds
674,Quatre Cocos,MU,-20.2078,57.7625,77.09,67,65,15.68,broken clouds
675,Nishihara,JP,26.1842,127.7558,76.68,94,75,6.91,moderate rain
676,May Pen,JM,17.9645,-77.2451,74.43,88,100,1.72,overcast clouds
677,Miranda De Ebro,ES,42.6865,-2.947,85.98,37,94,3.15,overcast clouds
678,Pangai,TO,-19.8,-174.35,77.97,74,12,18.68,few clouds
679,Young,UY,-32.6833,-57.6333,50.67,93,100,3.98,overcast clouds
680,Camacha,PT,33.0833,-16.3333,65.62,73,20,12.66,few clouds
681,Sorland,NO,67.667,12.6934,46.26,79,7,0.54,clear sky
682,Alyangula,AU,-13.8483,136.4192,74.89,69,98,13.47,overcast clouds
683,Launceston,AU,-41.45,147.1667,52.16,76,100,8.05,overcast clouds
684,Aykhal,RU,66.0,111.5,69.35,37,45,9.69,scattered clouds
685,Mantua,IT,45.1667,10.7833,84.34,59,10,3.0,clear sky
686,Molteno,ZA,-31.3968,26.3625,38.59,46,37,1.66,scattered clouds
687,Boundiali,CI,9.5217,-6.4869,78.73,72,100,4.81,light rain
688,Roebourne,AU,-20.7833,117.1333,79.65,39,39,9.98,scattered clouds
689,Sarakhs,IR,36.5449,61.1577,103.44,13,34,17.94,scattered clouds
690,Port Hardy,CA,50.6996,-127.4199,50.18,100,100,4.61,light rain
691,Ibotirama,BR,-12.1853,-43.2206,63.86,74,6,2.91,clear sky
692,Leh,IN,34.1667,77.5833,63.54,30,99,6.08,overcast clouds
693,Seydi,TM,39.4816,62.9137,101.95,11,100,14.56,overcast clouds
694,Batsfjord,NO,70.6345,29.7185,40.93,93,75,13.8,light rain
695,Puri,IN,19.8,85.85,95.52,73,96,18.41,overcast clouds
696,Varna,BG,43.2167,27.9167,79.88,58,0,3.44,clear sky
697,Charters Towers,AU,-20.1,146.2667,68.43,58,52,8.41,broken clouds
698,Zalantun,CN,48.0,122.7167,62.58,86,99,7.07,moderate rain
699,Inuvik,CA,68.3499,-133.7218,48.15,56,1,10.65,clear sky
700,Laranjeiras Do Sul,BR,-25.4078,-52.4161,48.76,94,0,3.49,clear sky
701,Tecoanapa,MX,16.5167,-98.75,75.42,90,100,5.75,overcast clouds
702,Asgardstrand,NO,59.3489,10.4675,69.58,63,40,4.61,scattered clouds
703,Long Branch,US,40.3043,-73.9924,68.97,83,95,7.0,overcast clouds
704,Atar,MR,20.5169,-13.0499,90.84,28,11,15.97,few clouds
705,Amahai,ID,-3.3333,128.9167,78.91,86,100,3.02,heavy intensity rain
706,Pisco,PE,-13.7,-76.2167,53.02,87,0,3.51,clear sky
707,Castelbuono,IT,37.932,14.0886,90.68,73,10,6.82,clear sky
708,Morbegno,IT,46.1383,9.57,83.37,47,66,4.21,broken clouds
